capture.id,animal.id,capture.season.2,bolus,herd,age.month,condition,pregnant,milk,calf.at.heel,tb.status,age.horn.residual,BHV.exposure,PI3.exposure,AD3.exposure,BRSV.Exposure,MH.exposure,MB.exposure
B57-0109,B57,wet,control,Lower Sabie,46,4,no,no,no,0,65.0737,0,1,0,0,0,1
O8-0209,O8,wet,control,Lower Sabie,79,1.5,late,no,yes,0,77.0878,0,0,0,0,1,0
B43-0209,B43,wet,control,Lower Sabie,104,3,no,yes,yes,0,68.5063,0,0,0,0,0,1
O26-0209,O26,wet,control,Lower Sabie,47,3.75,no,no,no,0,43.61995,0,0,0,0,1,0
O1-0309,O1,wet,control,Lower Sabie,68,2,no,unknown,yes,1,72.79705,0,0,0,0,0,0
O38-0309,O38,wet,bolus,Lower Sabie,37,3.75,no,no,no,0,43.61995,0,1,0,0,0,0
O11-0309,O11,wet,bolus,Lower Sabie,93,3,no,yes,yes,0,82.2367,0,0,0,0,0,0
O23-0309,O23,wet,control,Lower Sabie,48,4,no,no,no,0,46.1944,0,0,0,0,0,0
R13-0409,R13,dry,control,Crocodile Bridge,51,4.5,no,no,no,0,56.4922,0,0,0,0,0,0
R24-0409,R24,dry,bolus,Crocodile Bridge,47,2.75,no,no,no,0,57.35035,0,0,0,0,0,1
R41-0409,R41,dry,control,Crocodile Bridge,51,3.5,no,no,no,0,55.63405,0,0,0,0,1,0
Y12-0409,Y12,dry,bolus,Crocodile Bridge,66,2.5,no,no,no,0,65.0737,0,0,0,0,0,0
R25-0409,R25,dry,bolus,Crocodile Bridge,66,2.5,no,no,no,0,51.3433,0,0,0,0,0,0
R40-0409,R40,dry,control,Crocodile Bridge,35,3.25,no,no,no,0,42.7618,0,0,0,0,0,0
R6-0409,R6,dry,bolus,Crocodile Bridge,41,3.25,no,no,no,0,44.4781,0,0,0,0,0,1
Y40-0409,Y40,dry,control,Crocodile Bridge,36,3.75,no,no,no,0,44.4781,0,0,0,1,0,1
R28-0409,R28,dry,control,Crocodile Bridge,52,2.5,no,no,no,0,53.0596,0,0,0,1,0,0
Y9-0409,Y9,dry,bolus,Crocodile Bridge,52,3.25,no,no,no,0,54.7759,0,0,0,0,0,0
R27-0409,R27,dry,bolus,Crocodile Bridge,39,4.25,no,no,no,0,53.0596,0,0,0,0,0,1
R3-0409,R3,dry,control,Crocodile Bridge,66,2.5,no,yes,yes,1,72.79705,0,0,0,0,0,1
R33-0409,R33,dry,control,Crocodile Bridge,48,2.5,no,no,no,0,54.7759,0,0,0,0,0,0
R34-0409,R34,dry,control,Crocodile Bridge,30,2.75,no,no,no,0,41.0455,0,0,0,0,1,0
R37-0409,R37,dry,bolus,Crocodile Bridge,37,3,no,no,no,0,42.7618,0,0,1,0,0,1
Y8-0409,Y8,dry,control,Crocodile Bridge,51,2.5,no,no,no,0,44.4781,0,1,0,0,0,0
R44-0409,R44,dry,control,Crocodile Bridge,65,3,no,no,no,0,72.79705,0,0,1,0,0,0
R51-0409,R51,dry,bolus,Crocodile Bridge,47,4,no,no,no,0,58.2085,1,0,0,0,0,0
Y16-0409,Y16,dry,control,Crocodile Bridge,36,3.25,no,no,no,0,44.4781,0,0,0,0,0,1
Y27-0409,Y27,dry,bolus,Crocodile Bridge,60,3.5,no,no,no,0,71.9389,0,0,0,0,0,0
Y28-0409,Y28,dry,bolus,Crocodile Bridge,47,3.5,no,no,no,0,58.2085,0,0,0,0,0,0
R20-0409,R20,dry,control,Crocodile Bridge,54,2.25,no,no,no,0,48.76885,0,0,0,0,0,0
R23-0409,R23,dry,bolus,Crocodile Bridge,30,3,no,no,no,0,41.0455,0,0,0,0,1,0
W2-0409,W2,dry,bolus,Crocodile Bridge,37,3,no,no,no,0,53.0596,0,0,0,0,0,0
Y17-0409,Y17,dry,control,Crocodile Bridge,66,2.75,no,no,no,0,53.0596,0,0,0,0,0,0
R10-0409,R10,dry,bolus,Crocodile Bridge,52,4.25,no,no,no,0,44.4781,0,0,0,1,1,0
R12-0409,R12,dry,control,Crocodile Bridge,47,4,no,no,no,0,52.20145,0,0,0,0,0,0
R30-0409,R30,dry,bolus,Crocodile Bridge,67,2.75,no,no,no,0,57.35035,0,0,0,0,0,0
R36-0409,R36,dry,bolus,Crocodile Bridge,103,2.5,late,no,no,0,71.9389,0,0,0,0,0,0
R39-0409,R39,dry,control,Crocodile Bridge,41,3.5,no,no,no,0,41.90365,0,0,0,0,1,0
Y19-0409,Y19,dry,bolus,Crocodile Bridge,28,4,no,no,no,0,41.0455,0,0,0,0,0,0
Y4-0409,Y4,dry,control,Crocodile Bridge,54,4,no,no,no,0,53.91775,0,0,0,0,0,0
Y47-0409,Y47,dry,control,Crocodile Bridge,38,3.75,no,no,no,0,56.4922,0,0,0,0,0,0
R17-0409,R17,dry,bolus,Crocodile Bridge,73,2.25,no,no,no,0,63.3574,0,0,0,0,0,0
R21-0409,R21,dry,control,Crocodile Bridge,72,2.5,no,no,no,0,44.4781,0,0,0,0,0,0
R47-0409,R47,dry,bolus,Crocodile Bridge,37,4,no,no,no,0,53.0596,0,0,0,0,0,0
Y42-0409,Y42,dry,control,Crocodile Bridge,79,3.25,no,no,no,0,68.5063,0,0,0,0,0,0
R5-0409,R5,dry,bolus,Crocodile Bridge,64,3.25,no,no,no,0,59.9248,1,0,0,1,0,1
Y14-0409,Y14,dry,bolus,Crocodile Bridge,52,4.25,no,no,no,0,59.9248,0,0,0,0,0,0
R29-0509,R29,dry,bolus,Crocodile Bridge,115,2,no,yes,yes,0,54.7759,0,0,0,1,0,0
Y31-0509,Y31,dry,bolus,Crocodile Bridge,54,3.5,no,no,no,0,61.6411,0,0,1,0,0,1
R22-0509,R22,dry,bolus,Crocodile Bridge,51,4.25,no,no,no,0,58.2085,0,0,0,0,1,1
R35-0509,R35,dry,bolus,Crocodile Bridge,67,2,no,yes,yes,0,69.36445,0,0,0,0,0,0
Y26-0509,Y26,dry,control,Crocodile Bridge,30,3.25,no,no,no,0,41.0455,0,0,0,0,0,0
Y29-0509,Y29,dry,bolus,Crocodile Bridge,70,3,early,no,no,0,48.76885,0,0,0,1,0,0
R19-0509,R19,dry,control,Crocodile Bridge,42,2.5,no,no,no,0,59.9248,0,0,0,0,0,0
R31-0509,R31,dry,control,Crocodile Bridge,139,2.5,late,no,no,0,59.9248,0,0,0,0,0,0
Y36-0509,Y36,dry,control,Crocodile Bridge,65,3.25,no,no,no,0,59.06665,1,0,1,0,1,1
R52-0509,R52,dry,control,Crocodile Bridge,139,2.25,no,no,no,0,94.2508,0,0,0,0,0,0
Y10-0509,Y10,dry,control,Crocodile Bridge,66,3,no,no,no,0,43.61995,0,0,0,0,0,0
Y11-0509,Y11,dry,bolus,Crocodile Bridge,52,3,no,no,no,0,-53.351,0,0,0,0,0,0
R1-0509,R1,dry,bolus,Crocodile Bridge,61,3.5,no,no,no,0,32.464,0,0,0,0,0,1
Y32-0509,Y32,dry,control,Crocodile Bridge,39,2.75,no,no,no,0,41.0455,0,0,0,0,0,0
Y35-0509,Y35,dry,bolus,Crocodile Bridge,52,2.75,no,no,no,0,50.48515,0,0,0,0,0,0
Y6-0509,Y6,dry,bolus,Crocodile Bridge,49,2.75,no,no,no,0,51.3433,0,0,0,0,0,0
Y3-0509,Y3,dry,control,Crocodile Bridge,91,3.75,no,no,no,1,60.78295,0,0,0,0,0,0
Y43-0509,Y43,dry,bolus,Crocodile Bridge,48,3.5,no,no,no,0,58.2085,0,0,0,0,1,0
R32-0509,R32,dry,control,Crocodile Bridge,116,2.5,late,no,no,0,59.9248,0,0,0,0,0,0
R43-0509,R43,dry,control,Crocodile Bridge,127,2.25,no,no,no,0,61.6411,0,0,0,0,0,0
Y23-0509,Y23,dry,control,Crocodile Bridge,91,3,no,no,no,1,57.35035,0,0,0,0,0,0
R9-0509,R9,dry,control,Crocodile Bridge,38,3,no,no,no,0,47.9107,0,0,0,0,0,0
O2-0609,O2,dry,bolus,Lower Sabie,66,2.5,early,no,no,0,65.0737,0,0,0,0,0,0
Y13-0609,Y13,dry,control,Crocodile Bridge,39,3.75,no,no,no,0,55.63405,0,0,0,0,0,0
Y18-0609,Y18,dry,bolus,Crocodile Bridge,116,3,no,no,yes,0,65.93185,0,0,0,0,0,0
R38-0609,R38,dry,bolus,Crocodile Bridge,66,3.5,no,no,no,0,57.35035,0,0,0,0,0,1
Y22-0609,Y22,dry,bolus,Crocodile Bridge,38,4.25,no,no,no,0,28.17325,0,0,0,0,0,0
Y45-0609,Y45,dry,control,Crocodile Bridge,49,4,no,no,no,0,51.3433,0,0,0,0,1,0
B27-0609,B27,dry,bolus,Lower Sabie,40,3.5,no,no,no,0,61.6411,0,0,0,0,0,0
O9-0609,O9,dry,control,Lower Sabie,41,4,no,no,no,0,49.627,0,0,0,0,0,0
Y38-0609,Y38,dry,control,Crocodile Bridge,31,3.75,no,no,no,0,40.01572,0,0,0,0,0,0
B17-0609,B17,dry,bolus,Lower Sabie,76,4.25,early,no,no,0,61.6411,0,0,0,0,0,0
B8-0609,B8,dry,bolus,Lower Sabie,66,3.75,early,no,no,0,63.3574,0,0,0,0,0,0
O6-0609,O6,dry,bolus,Lower Sabie,51,3.75,no,no,no,1,59.9248,0,0,0,0,0,0
B34-0609,B34,dry,bolus,Lower Sabie,40,3.5,no,no,no,0,57.35035,0,0,0,0,0,0
O15-0609,O15,dry,bolus,Lower Sabie,74,3,no,no,yes,0,60.78295,0,0,0,0,0,1
O20-0609,O20,dry,bolus,Lower Sabie,41,4,no,no,no,0,47.05255,0,0,0,0,0,1
O7-0609,O7,dry,bolus,Lower Sabie,52,3.5,no,no,no,1,68.5063,0,0,0,0,0,1
B23-0709,B23,dry,bolus,Lower Sabie,132,3,early,yes,yes,0,75.3715,0,0,0,0,0,0
O3-0709,O3,dry,bolus,Lower Sabie,44,3.5,no,no,no,0,53.0596,0,0,0,0,0,0
B20-0709,B20,dry,control,Lower Sabie,43,3.5,early,no,no,0,45.33625,0,0,0,0,1,0
O18-0709,O18,dry,bolus,Lower Sabie,54,3.5,no,no,no,0,58.2085,0,0,0,0,0,0
B15-0709,B15,dry,bolus,Lower Sabie,43,4.5,mid,no,no,1,58.2085,1,0,0,0,1,0
B22-0709,B22,dry,control,Lower Sabie,85,3.75,mid,no,no,1,67.64815,0,0,0,0,0,0
O35-0709,O35,dry,control,Lower Sabie,31,4.25,no,no,no,0,35.03845,0,1,0,0,0,0
O37-0709,O37,dry,bolus,Lower Sabie,42,3.25,no,no,no,0,58.2085,0,0,0,0,0,0
O4-0709,O4,dry,control,Lower Sabie,37,4.5,no,no,no,0,49.627,0,0,0,0,0,0
O12-0709,O12,dry,control,Lower Sabie,67,4,early,yes,yes,0,68.5063,0,0,0,0,1,0
B38-0709,B38,dry,bolus,Lower Sabie,169,2.25,no,yes,yes,1,64.21555,0,0,0,0,0,0
O13-0709,O13,dry,control,Lower Sabie,97,3.25,late,no,no,0,72.79705,0,0,0,0,0,0
O34-0709,O34,dry,bolus,Lower Sabie,85,2.75,no,no,no,0,71.9389,0,0,0,0,0,0
O41-0709,O41,dry,control,Lower Sabie,55,3.75,no,no,no,0,67.64815,0,0,0,0,0,0
O16-0709,O16,dry,bolus,Lower Sabie,73,4.25,early,no,no,0,81.37855,0,0,0,0,0,0
B19-0709,B19,dry,control,Lower Sabie,109,2.5,no,yes,yes,0,72.79705,0,0,1,0,1,0
B35-0709,B35,dry,bolus,Lower Sabie,48,4,no,no,no,0,49.627,0,0,0,0,0,0
O30-0809,O30,dry,control,Lower Sabie,55,4.5,no,no,no,0,54.7759,0,0,0,0,0,0
B57-0809,B57,dry,control,Lower Sabie,54,3.25,early,no,no,0,73.6552,1,0,0,0,0,0
O38-0809,O38,dry,bolus,Lower Sabie,42,4.25,no,no,no,0,53.0596,0,0,0,0,0,0
B26-0809,B26,dry,control,Lower Sabie,41,3.5,no,no,no,0,62.49925,0,0,0,0,0,0
B5-0809,B5,dry,control,Lower Sabie,44,4.25,no,no,no,0,68.5063,0,0,0,0,1,0
B53-0809,B53,dry,bolus,Lower Sabie,65,3,no,no,no,0,47.9107,0,0,0,0,0,0
O31-0809,O31,dry,control,Lower Sabie,43,4.5,no,no,no,0,52.20145,0,0,0,0,0,1
O43-0809,O43,dry,control,Lower Sabie,54,3.5,no,no,no,0,76.22965,1,0,0,0,0,0
Y19-0909,Y19,dry,bolus,Crocodile Bridge,32,3.25,no,no,no,0,53.0596,0,0,0,0,0,0
Y27-0909,Y27,dry,bolus,Crocodile Bridge,65,3,no,no,no,0,73.6552,0,0,0,0,0,0
Y10-0909,Y10,dry,control,Crocodile Bridge,70,1.25,no,no,no,0,49.627,0,0,0,0,0,0
R17-0909,R17,dry,bolus,Crocodile Bridge,77,2.5,no,no,no,1,64.21555,0,0,0,0,0,0
W2-0909,W2,dry,bolus,Crocodile Bridge,41,3.5,no,no,no,0,55.63405,0,0,0,0,0,0
Y3-0909,Y3,dry,control,Crocodile Bridge,95,3.25,no,no,no,1,62.49925,0,0,0,0,0,0
Y8-0909,Y8,dry,control,Crocodile Bridge,56,2.5,no,no,no,0,51.3433,0,0,0,0,0,0
Y16-0909,Y16,dry,control,Crocodile Bridge,41,3,no,no,no,0,47.05255,0,0,0,0,0,0
Y47-0909,Y47,dry,control,Crocodile Bridge,42,2.75,no,no,no,0,59.06665,0,0,0,0,0,0
Y9-0909,Y9,dry,bolus,Crocodile Bridge,57,3,no,no,no,0,61.6411,0,0,0,0,0,0
R29-0909,R29,dry,bolus,Crocodile Bridge,119,2.25,no,no,no,0,55.63405,0,0,0,0,0,0
Y14-0909,Y14,dry,bolus,Crocodile Bridge,56,3.5,no,no,no,0,63.3574,0,0,0,0,0,0
Y28-0909,Y28,dry,bolus,Crocodile Bridge,52,2.5,no,no,no,0,62.49925,0,0,0,0,0,0
R34-0909,R34,dry,control,Crocodile Bridge,35,1.75,no,no,no,0,41.0455,0,1,0,0,0,1
R38-0909,R38,dry,bolus,Crocodile Bridge,70,2.75,no,no,no,0,59.06665,0,0,0,0,0,0
Y12-0909,Y12,dry,bolus,Crocodile Bridge,71,2.75,early,no,no,0,63.3574,0,1,0,0,0,0
Y6-0909,Y6,dry,bolus,Crocodile Bridge,53,2,no,no,no,0,52.20145,0,0,0,0,0,0
Y45-0909,Y45,dry,control,Crocodile Bridge,52,2.75,no,no,no,0,57.35035,0,0,0,0,1,0
Y17-0909,Y17,dry,control,Crocodile Bridge,71,1.5,no,no,no,0,57.35035,0,0,0,0,0,0
Y26-0909,Y26,dry,control,Crocodile Bridge,35,1.75,no,no,no,0,43.61995,0,0,0,0,0,0
Y29-1009,Y29,wet,bolus,Crocodile Bridge,75,3,no,no,no,0,47.9107,0,0,0,0,0,0
B7-1109,B7,wet,bolus,Lower Sabie,52,2.5,no,no,no,0,61.6411,0,1,0,0,0,0
O14-1109,O14,wet,control,Lower Sabie,69,1.25,no,no,no,1,65.0737,0,0,1,0,0,0
O22-1109,O22,wet,bolus,Lower Sabie,59,1.75,late,no,no,1,61.6411,0,1,0,0,0,0
O46-1109,O46,wet,bolus,Lower Sabie,113,1.5,late,no,yes,0,60.78295,0,0,0,0,1,1
B33-1109,B33,wet,control,Lower Sabie,67,1.5,no,no,no,0,59.9248,0,0,0,0,0,0
B34-1109,B34,wet,bolus,Lower Sabie,44,2.5,no,no,no,1,65.0737,0,0,0,0,0,1
O26-1109,O26,wet,control,Lower Sabie,56,1.5,no,no,no,1,54.7759,1,0,1,0,0,0
B20-1109,B20,wet,control,Lower Sabie,46,2.5,no,no,no,0,47.9107,0,1,0,0,0,0
B29-1109,B29,wet,control,Lower Sabie,34,3.5,no,no,no,0,59.9248,1,1,0,0,0,0
B57-1109,B57,wet,control,Lower Sabie,56,2.75,mid,no,no,1,75.3715,0,0,0,0,0,0
B6-1109,B6,wet,bolus,Lower Sabie,83,3.5,late,no,no,0,78.8041,1,0,1,0,0,0
B8-1109,B8,wet,bolus,Lower Sabie,71,3.5,no,no,no,0,65.0737,1,0,0,0,0,0
O16-1109,O16,wet,bolus,Lower Sabie,77,2.5,late,no,yes,0,80.5204,0,1,0,0,0,1
O24-1109,O24,wet,bolus,Lower Sabie,59,3,late,no,no,1,65.0737,0,0,0,0,0,0
O7-1109,O7,wet,bolus,Lower Sabie,57,2.5,mid/late,no,no,1,68.5063,0,1,0,0,0,0
B15-1109,B15,wet,bolus,Lower Sabie,47,3.25,late,no,no,1,53.0596,1,1,0,0,0,0
B17-1109,B17,wet,bolus,Lower Sabie,80,2.5,mid,no,no,0,57.35035,1,1,1,0,0,0
B24-1109,B24,wet,bolus,Lower Sabie,88,2,late,no,yes,0,71.9389,0,0,0,1,0,0
O13-1109,O13,wet,control,Lower Sabie,101,2,late,no,no,0,69.36445,0,0,0,0,0,0
O4-1109,O4,wet,control,Lower Sabie,41,2.75,no,no,no,1,49.627,0,0,0,0,0,1
O45b-1109,O45b,wet,control,Lower Sabie,67,2.75,late,no,no,0,52.20145,0,0,0,0,0,0
B16-1109,B16,wet,control,Lower Sabie,59,2.25,late,no,no,1,47.9107,0,0,0,0,0,0
B22-1109,B22,wet,control,Lower Sabie,89,2.25,late,no,no,1,66.79,1,0,0,0,0,0
O12-1109,O12,wet,control,Lower Sabie,71,3,late,yes,yes,0,66.79,0,1,0,0,0,1
O18-1109,O18,wet,bolus,Lower Sabie,58,2.5,no,no,no,0,58.2085,0,0,0,0,0,0
B27-1109,B27,wet,bolus,Lower Sabie,46,2.75,no,no,no,0,63.3574,0,0,0,0,0,0
B3-1109,B3,wet,bolus,Lower Sabie,68,3,late,no,no,0,58.2085,1,1,0,0,0,1
B38-1109,B38,wet,bolus,Lower Sabie,173,1.5,no,yes,yes,1,61.6411,0,0,0,0,0,1
O11-1109,O11,wet,bolus,Lower Sabie,101,1.5,late,no,yes,1,84.81115,0,1,0,0,0,1
O6-1109,O6,wet,bolus,Lower Sabie,56,3.75,late,no,no,1,63.3574,0,1,0,0,0,0
O9-1109,O9,wet,control,Lower Sabie,46,2.25,no,no,no,0,57.35035,0,1,0,0,0,0
B5-1109,B5,wet,control,Lower Sabie,47,2.75,no,no,no,0,68.5063,1,1,0,0,0,0
O1-1109,O1,wet,control,Lower Sabie,77,2,late,no,no,1,73.6552,0,0,0,0,0,1
O15-1109,O15,wet,bolus,Lower Sabie,79,2.5,mid,no,no,1,59.9248,0,0,0,0,0,0
O41-1109,O41,wet,control,Lower Sabie,59,2.5,no,no,no,0,66.79,0,0,0,1,0,0
O48-1109,O48,wet,bolus,Lower Sabie,56,2.25,late,no,no,0,65.0737,0,1,0,0,0,0
B46-1109,B46,wet,bolus,Lower Sabie,77,2.25,late,no,no,0,54.7759,0,0,0,0,0,0
O19-1109,O19,wet,bolus,Lower Sabie,77,3,mid,no,yes,1,83.953,0,0,0,0,0,1
O28-1109,O28,wet,bolus,Lower Sabie,36,2.75,no,no,no,0,51.3433,0,0,0,0,0,0
O36-1109,O36,wet,control,Lower Sabie,101,3.5,late,no,no,0,64.21555,0,1,1,0,0,0
O37-1109,O37,wet,bolus,Lower Sabie,46,2.25,late,no,no,1,56.4922,0,0,0,0,1,0
B43-1109,B43,wet,control,Lower Sabie,113,2.25,late,no,no,0,63.3574,0,1,0,0,0,1
O34-1109,O34,wet,bolus,Lower Sabie,89,2.5,no,no,no,0,70.2226,0,0,0,0,0,0
B37-1109,B37,wet,control,Lower Sabie,56,2,no,no,no,1,56.4922,0,0,0,0,0,0
O38-1109,O38,wet,bolus,Lower Sabie,45,2.5,late,no,no,0,49.627,0,0,0,0,0,0
O43-1109,O43,wet,control,Lower Sabie,57,2.75,mid,no,no,0,73.6552,0,0,0,0,0,0
B25-1109,B25,wet,control,Lower Sabie,38,2.75,no,no,no,0,51.3433,0,0,0,0,0,0
B44-1109,B44,wet,bolus,Lower Sabie,56,3.25,mid,yes,yes,0,61.6411,0,0,1,0,0,1
O31-1109,O31,wet,control,Lower Sabie,46,2.5,late,no,no,0,53.0596,0,0,0,0,0,0
O47b-1109,O47b,wet,control,Lower Sabie,40,2.75,no,no,no,0,53.0596,0,0,0,0,0,0
O35-0110,O35,wet,control,Lower Sabie,37,3.75,no,no,no,0,42.7618,0,0,0,0,0,0
O40-0110,O40,wet,control,Lower Sabie,79,3.5,late,no,no,0,56.4922,0,0,0,0,0,0
O49-0110,O49,wet,bolus,Lower Sabie,59,3.75,no,no,no,0,68.5063,0,0,0,0,0,0
B26-0110,B26,wet,control,Lower Sabie,46,3.25,no,no,no,0,63.3574,1,0,0,0,0,1
B41-0110,B41,wet,control,Lower Sabie,36,3.5,no,no,no,0,46.1944,0,0,1,1,0,0
B35-0110,B35,wet,bolus,Lower Sabie,54,3.75,no,no,no,0,52.20145,0,0,0,0,0,0
O27-0110,O27,wet,control,Lower Sabie,58,3.5,no,no,no,1,69.36445,0,0,0,0,0,0
O20-0110,O20,wet,bolus,Lower Sabie,48,3.5,no,no,no,0,56.4922,0,1,0,0,0,0
B30-0110,B30,wet,control,Lower Sabie,46,3.5,late,no,no,0,59.06665,0,1,1,0,0,0
O5-0110,O5,wet,control,Lower Sabie,45,3.25,no,no,no,0,57.35035,0,1,1,0,0,0
B19-0210,B19,wet,control,Lower Sabie,116,3,mid,yes,yes,0,70.2226,0,0,0,1,0,0
O30-0210,O30,wet,control,Lower Sabie,61,4,late,no,no,0,62.49925,0,1,0,0,0,0
O44-0210,O44,wet,bolus,Lower Sabie,65,3.5,no,no,no,0,66.79,0,0,0,0,0,0
R16-0310,R16,wet,bolus,Crocodile Bridge,60,4,no,yes,no,0,61.6411,0,0,0,0,0,1
W2-0310,W2,wet,bolus,Crocodile Bridge,47,3.5,no,no,no,0,61.6411,0,0,0,0,0,1
Y14-0310,Y14,wet,bolus,Crocodile Bridge,62,3.75,no,no,no,0,63.3574,0,0,0,0,0,1
Y24b-0310,Y24b,wet,control,Crocodile Bridge,65,3.75,no,no,no,0,65.0737,0,0,0,1,0,0
Y13-0310,Y13,wet,control,Crocodile Bridge,48,3.25,no,no,no,0,61.6411,0,0,0,0,0,0
Y28-0310,Y28,wet,bolus,Crocodile Bridge,58,3.25,no,no,no,0,65.0737,0,0,0,0,0,0
Y46b-0310,Y46b,wet,control,Crocodile Bridge,65,3.5,no,no,no,0,64.21555,0,0,0,0,0,0
Y8-0310,Y8,wet,control,Crocodile Bridge,62,3.25,no,no,no,1,54.7759,0,0,0,0,0,1
R2-0310,R2,wet,bolus,Crocodile Bridge,59,3,no,no,no,1,48.76885,0,0,0,0,0,0
R20-0310,R20,wet,control,Crocodile Bridge,65,2.75,no,no,no,0,52.20145,0,0,1,0,0,0
R24-0310,R24,wet,bolus,Crocodile Bridge,59,3.25,no,no,no,0,63.3574,0,0,0,0,0,1
Y12-0310,Y12,wet,bolus,Crocodile Bridge,78,3.25,no,no,no,1,65.93185,0,0,0,0,0,0
Y17-0310,Y17,wet,control,Crocodile Bridge,77,3.25,no,no,no,0,53.91775,0,0,0,0,0,0
Y7b-0310,Y7b,wet,control,Crocodile Bridge,53,3,no,no,no,0,46.1944,0,0,0,0,0,0
Y45-0310,Y45,wet,control,Crocodile Bridge,59,3.25,early,no,no,0,59.9248,0,0,0,0,0,0
Y9-0310,Y9,wet,bolus,Crocodile Bridge,64,2.75,no,no,no,0,65.0737,0,0,0,0,0,1
R28-0310,R28,wet,control,Crocodile Bridge,63,2.5,no,no,no,0,71.9389,0,0,0,0,1,1
R41-0310,R41,wet,control,Crocodile Bridge,63,3,no,no,no,0,60.78295,0,0,0,0,0,0
Y4-0310,Y4,wet,control,Crocodile Bridge,65,2.25,no,no,no,0,57.35035,0,0,0,0,1,0
R33-0310,R33,wet,control,Crocodile Bridge,59,2.75,no,no,no,0,60.78295,0,0,0,0,0,1
R36-0310,R36,wet,bolus,Crocodile Bridge,114,2.25,no,no,no,0,71.9389,0,0,0,0,0,0
Y29-0310,Y29,wet,bolus,Crocodile Bridge,81,3,late,no,no,1,51.3433,0,0,0,0,0,0
R13-0310,R13,wet,control,Crocodile Bridge,63,3.5,early,no,no,0,65.93185,0,0,0,0,0,1
Y23-0310,Y23,wet,control,Crocodile Bridge,102,2.75,no,no,no,1,57.35035,0,0,1,0,0,0
R3-0410,R3,dry,control,Crocodile Bridge,77,3,no,no,no,1,71.08075,0,0,0,1,0,0
W4-0410,W4,dry,bolus,Crocodile Bridge,72,2.75,early,no,no,1,84.81115,0,1,0,0,1,0
Y3-0410,Y3,dry,control,Crocodile Bridge,102,2.75,no,no,no,1,64.21555,0,0,0,0,0,0
Y6-0410,Y6,dry,bolus,Crocodile Bridge,60,3.25,no,no,no,0,54.7759,0,0,0,0,0,1
R10-0410,R10,dry,bolus,Crocodile Bridge,64,3.5,no,no,no,0,52.20145,0,0,0,0,0,1
R12-0410,R12,dry,control,Crocodile Bridge,59,2.75,early,no,no,0,57.35035,0,0,0,0,0,0
R40-0410,R40,dry,control,Crocodile Bridge,48,3.5,early,no,no,0,53.0596,0,0,0,0,0,0
R7b-0410,R7b,dry,control,Crocodile Bridge,40,3.25,early,no,no,0,38.47105,0,0,0,0,0,0
R22-0510,R22,dry,bolus,Crocodile Bridge,63,3,no,no,no,0,70.2226,1,0,0,0,0,1
Y10-0510,Y10,dry,control,Crocodile Bridge,78,2.75,early,no,no,0,49.627,0,0,0,0,0,0
R25-0510,R25,dry,bolus,Crocodile Bridge,79,3,no,no,no,0,58.2085,0,0,0,0,0,0
R38-0510,R38,dry,bolus,Crocodile Bridge,77,2.75,early,no,no,0,64.21555,0,0,0,0,0,0
B37-0510,B37,dry,control,Lower Sabie,61,3.25,no,no,no,1,63.3574,0,0,1,0,1,1
R30-0510,R30,dry,bolus,Crocodile Bridge,79,2.5,no,yes,yes,0,63.3574,0,0,0,0,0,0
Y11-0510,Y11,dry,bolus,Crocodile Bridge,64,3,mid,no,no,0,63.3574,0,0,0,0,0,0
B33-0510,B33,dry,control,Lower Sabie,74,2.75,early,no,no,0,63.3574,0,0,0,0,0,0
O14-0510,O14,dry,control,Lower Sabie,75,2.5,no,no,no,1,-53.351,0,0,0,0,0,0
O22-0510,O22,dry,bolus,Lower Sabie,65,3,no,no,no,1,60.78295,0,0,0,1,0,0
R19-0510,R19,dry,control,Crocodile Bridge,55,3.75,no,no,no,0,71.08075,0,0,0,0,1,0
R43-0510,R43,dry,control,Crocodile Bridge,140,2,no,no,no,0,65.93185,0,0,0,0,0,1
R47-0510,R47,dry,bolus,Crocodile Bridge,50,3.25,no,no,no,0,66.79,1,0,0,0,0,0
R51-0510,R51,dry,bolus,Crocodile Bridge,61,3,no,no,no,1,62.49925,0,0,0,0,0,1
Y27-0510,Y27,dry,bolus,Crocodile Bridge,74,3.5,no,no,no,0,77.0878,0,0,0,0,0,1
R11-0510,R11,dry,control,Crocodile Bridge,128,3.75,early,no,no,0,68.5063,0,0,0,0,0,0
R39-0510,R39,dry,control,Crocodile Bridge,54,3.25,no,no,no,0,53.0596,0,0,0,0,0,0
R52-0510,R52,dry,control,Crocodile Bridge,152,3,no,yes,no,0,95.10895,0,0,0,0,0,0
Y16-0510,Y16,dry,control,Crocodile Bridge,50,3,no,no,no,0,49.627,0,0,0,0,0,1
Y20b-0510,Y20b,dry,bolus,Crocodile Bridge,53,3.5,no,no,no,0,49.627,0,0,0,0,0,0
Y47-0510,Y47,dry,control,Crocodile Bridge,51,3.25,no,no,no,0,59.9248,0,0,0,0,0,0
B27-0510,B27,dry,bolus,Lower Sabie,52,3,no,no,no,1,71.9389,1,1,0,0,0,0
O19-0510,O19,dry,bolus,Lower Sabie,83,2.5,no,yes,yes,1,83.953,0,0,0,0,0,0
B29-0510,B29,dry,control,Lower Sabie,41,3.5,early,no,no,0,65.93185,0,0,1,0,0,0
B57-0510,B57,dry,control,Lower Sabie,63,2.75,no,yes,yes,1,78.8041,1,1,0,0,1,1
B35-0510,B35,dry,bolus,Lower Sabie,58,3.75,early,no,no,0,56.4922,1,0,1,0,0,0
O21-0510,O21,dry,control,Lower Sabie,52,2.75,no,no,no,0,53.0596,0,0,0,0,1,0
R1-0510,R1,dry,bolus,Crocodile Bridge,74,3.75,mid,no,no,0,69.36445,0,0,0,0,0,1
R17-0510,R17,dry,bolus,Crocodile Bridge,86,3,mid,no,no,1,67.64815,0,0,0,0,0,0
R35-0510,R35,dry,bolus,Crocodile Bridge,80,3.5,no,no,no,0,76.22965,0,0,0,0,0,0
O30-0610,O30,dry,control,Lower Sabie,65,3.25,no,no,no,0,65.93185,0,0,0,0,0,1
O31-0610,O31,dry,control,Lower Sabie,53,3.5,early,no,no,1,60.78295,0,0,0,0,0,0
O38-0610,O38,dry,bolus,Lower Sabie,52,3.5,mid,no,no,0,59.06665,1,1,0,0,0,0
B43-0610,B43,dry,control,Lower Sabie,120,3.5,early,no,no,0,65.0737,1,0,0,0,0,0
O28-0610,O28,dry,bolus,Lower Sabie,43,3.5,mid,no,no,0,59.9248,0,0,0,0,0,0
O41-0610,O41,dry,control,Lower Sabie,66,3.5,mid,no,no,0,71.9389,1,0,0,0,0,0
O7-0610,O7,dry,bolus,Lower Sabie,64,3.5,no,no,no,1,76.22965,0,0,0,0,0,0
B30-0610,B30,dry,control,Lower Sabie,51,3.5,no,no,no,0,63.3574,0,0,0,0,0,0
O47b-0610,O47b,dry,control,Lower Sabie,46,3.5,no,no,no,0,65.0737,0,1,0,0,1,0
B44-0610,B44,dry,bolus,Lower Sabie,63,2.5,no,yes,yes,0,66.79,0,0,0,0,0,0
B26-0610,B26,dry,control,Lower Sabie,51,3.5,early,no,no,0,70.2226,0,0,0,0,0,0
B42b-0610,B42b,dry,control,Lower Sabie,42,3,mid,no,no,1,51.3433,0,0,0,0,0,0
O18-0610,O18,dry,bolus,Lower Sabie,65,3.25,early,no,no,0,65.93185,0,0,0,0,0,0
O34-0610,O34,dry,bolus,Lower Sabie,96,2.75,no,no,no,0,70.2226,1,0,0,0,0,0
B1-0610,B1,dry,control,Lower Sabie,63,3.75,early,no,no,1,72.79705,0,0,0,0,0,0
B46-0610,B46,dry,bolus,Lower Sabie,84,3.75,no,no,no,0,59.06665,0,0,0,0,1,0
O15-0610,O15,dry,bolus,Lower Sabie,86,3.75,no,no,no,1,65.93185,0,0,0,1,0,0
O49-0610,O49,dry,bolus,Lower Sabie,64,3,early,no,no,0,77.94595,0,1,1,0,0,1
O12-0610,O12,dry,control,Lower Sabie,78,3,no,yes,yes,0,68.5063,0,0,1,0,1,0
O24-0610,O24,dry,bolus,Lower Sabie,66,4,no,no,no,1,65.93185,0,0,0,0,0,0
O20-0610,O20,dry,bolus,Lower Sabie,53,3.25,no,no,no,0,64.21555,0,0,0,0,0,0
O46-0610,O46,dry,bolus,Lower Sabie,120,2.5,no,yes,yes,1,60.78295,1,0,1,0,0,0
O37-0610,O37,dry,bolus,Lower Sabie,53,2.75,no,no,no,1,64.21555,1,1,1,0,0,0
O4-0610,O4,dry,control,Lower Sabie,48,3,no,no,no,1,57.35035,0,0,0,0,0,0
O40-0610,O40,dry,control,Lower Sabie,84,3.75,mid,yes,yes,0,57.35035,0,0,0,0,0,1
O45b-0610,O45b,dry,control,Lower Sabie,75,3.5,early,yes,yes,0,52.20145,0,0,0,0,0,0
B38-0610,B38,dry,bolus,Lower Sabie,180,3.25,mid,yes,yes,1,61.6411,1,0,1,0,0,0
O48-0610,O48,dry,bolus,Lower Sabie,63,3,no,yes,yes,1,67.64815,0,0,0,0,0,0
O11-0710,O11,dry,bolus,Lower Sabie,109,2.75,no,yes,yes,1,84.81115,0,0,0,0,0,0
O44-0710,O44,dry,bolus,Lower Sabie,70,3,no,no,no,0,68.5063,0,1,0,0,0,0
O16-0710,O16,dry,bolus,Lower Sabie,85,3.25,no,yes,yes,0,79.66225,0,0,0,0,0,0
O35-0710,O35,dry,control,Lower Sabie,43,3.5,early,no,no,0,49.627,1,0,0,0,0,1
O9-0710,O9,dry,control,Lower Sabie,54,3.25,early,no,no,0,62.49925,0,0,0,0,0,0
B25-0710,B25,dry,control,Lower Sabie,46,3.5,no,no,no,0,60.78295,0,0,0,0,0,0
B41-0710,B41,dry,control,Lower Sabie,42,3.5,no,no,no,0,54.7759,1,0,0,0,1,0
B4-0710,B4,dry,bolus,Lower Sabie,56,4,early,no,no,1,70.2226,0,0,0,0,0,0
O52-0710,O52,dry,bolus,Lower Sabie,145,2.25,no,yes,yes,1,72.79705,1,1,0,1,0,0
B24-0710,B24,dry,bolus,Lower Sabie,97,2.75,no,yes,yes,0,76.22965,0,0,0,0,0,0
B34-0710,B34,dry,bolus,Lower Sabie,53,3.5,early,no,no,1,68.5063,0,0,0,0,0,0
O1-0710,O1,dry,control,Lower Sabie,85,2.5,no,yes,yes,1,74.51335,0,0,0,0,0,0
O13-0710,O13,dry,control,Lower Sabie,109,3,mid,unknown,yes,0,73.6552,0,0,0,0,0,0
O6-0710,O6,dry,bolus,Lower Sabie,64,2.75,no,yes,no,1,66.79,0,0,0,0,0,0
B53-0710,B53,dry,bolus,Lower Sabie,76,3.5,early,no,no,0,49.627,1,0,0,0,1,0
O5-0810,O5,dry,control,Lower Sabie,52,3.75,early,no,no,0,68.5063,0,0,0,0,1,0
R40-0810,R40,dry,control,Crocodile Bridge,54,3.25,no,no,no,0,57.35035,1,0,0,0,0,0
R10-0810,R10,dry,bolus,Crocodile Bridge,68,3.25,early,no,no,0,54.7759,1,0,0,0,0,0
R12-0810,R12,dry,control,Crocodile Bridge,63,3,early,no,no,0,58.2085,0,0,0,0,0,0
R16-0810,R16,dry,bolus,Crocodile Bridge,65,4,early,no,no,0,64.21555,1,1,0,0,0,0
Y24b-0810,Y24b,dry,control,Crocodile Bridge,70,3.5,mid,no,no,0,69.36445,0,1,0,0,0,1
Y37b-0810,Y37b,dry,bolus,Crocodile Bridge,70,3.5,early,no,no,0,58.2085,0,1,0,0,0,0
R19-0910,R19,dry,control,Crocodile Bridge,59,3.25,mid,no,no,0,74.51335,0,0,0,0,0,0
R20-0910,R20,dry,control,Crocodile Bridge,71,3.25,mid,no,no,0,50.48515,0,0,0,0,0,0
R51-0910,R51,dry,bolus,Crocodile Bridge,65,3.5,no,no,no,1,63.3574,0,0,0,0,0,0
R52-0910,R52,dry,control,Crocodile Bridge,156,2.75,mid,no,no,0,97.6834,0,0,0,0,0,0
Y11-0910,Y11,dry,bolus,Crocodile Bridge,69,3.25,mid,no,no,0,64.21555,0,0,0,0,0,1
Y13-0910,Y13,dry,control,Crocodile Bridge,55,3.25,no,no,no,0,66.79,0,0,1,0,1,0
Y14-0910,Y14,dry,bolus,Crocodile Bridge,69,3.5,mid,no,no,0,70.2226,0,0,0,0,0,0
Y33b-0910,Y33b,dry,control,Crocodile Bridge,66,2.5,mid,no,no,1,73.6552,0,1,0,0,0,0
R28-0910,R28,dry,control,Crocodile Bridge,69,3,no,no,no,0,66.79,0,0,0,0,0,0
R47-0910,R47,dry,bolus,Crocodile Bridge,54,3.25,mid,no,no,0,71.08075,0,0,0,0,0,0
Y18-0910,Y18,dry,bolus,Crocodile Bridge,132,3.25,mid/late,no,no,0,65.93185,0,0,1,0,0,0
Y4-0910,Y4,dry,control,Crocodile Bridge,71,3.25,no,no,no,1,61.6411,1,0,0,0,0,0
R11-0910,R11,dry,control,Crocodile Bridge,132,3.75,mid,no,no,0,71.9389,1,1,1,0,0,0
Y12-0910,Y12,dry,bolus,Crocodile Bridge,84,2.25,no,no,no,1,71.08075,1,0,0,0,0,0
Y16-0910,Y16,dry,control,Crocodile Bridge,54,2.5,no,no,no,0,57.35035,0,0,0,0,1,0
Y40-0910,Y40,dry,control,Crocodile Bridge,54,3.75,no,no,no,0,59.06665,0,0,0,0,0,0
Y20b-0910,Y20b,dry,bolus,Crocodile Bridge,57,3.5,no,no,no,0,52.20145,0,0,0,0,0,0
Y27-0910,Y27,dry,bolus,Crocodile Bridge,78,3.5,no,no,no,0,77.94595,0,0,1,0,0,0
Y30b-0910,Y30b,dry,control,Crocodile Bridge,66,2.75,mid,no,no,1,55.63405,0,1,0,0,0,1
R1-0910,R1,dry,bolus,Crocodile Bridge,78,3.75,mid,no,no,0,70.2226,1,1,0,0,0,0
R13-0910,R13,dry,control,Crocodile Bridge,69,3.5,mid,no,no,0,70.2226,0,0,1,0,0,0
W4-0910,W4,dry,bolus,Crocodile Bridge,78,3.25,late,no,no,1,87.3856,0,0,0,0,0,0
Y23-0910,Y23,dry,control,Crocodile Bridge,108,3.75,mid,no,no,1,59.9248,0,0,0,0,0,0
Y43-0910,Y43,dry,bolus,Crocodile Bridge,65,2.75,no,no,no,0,66.79,0,0,0,0,1,1
Y47-0910,Y47,dry,control,Crocodile Bridge,55,3.5,no,no,no,0,62.49925,0,0,0,0,0,0
R39-0910,R39,dry,control,Crocodile Bridge,58,3,no,no,no,0,57.35035,0,0,0,0,0,0
Y10-0910,Y10,dry,control,Crocodile Bridge,83,3.25,no,no,no,0,50.48515,0,0,1,0,0,0
Y3-0910,Y3,dry,control,Crocodile Bridge,108,3.5,mid,no,no,1,64.21555,0,0,0,0,0,1
Y7b-0910,Y7b,dry,control,Crocodile Bridge,59,3.5,mid,no,no,0,53.91775,0,0,0,0,0,1
R22-0910,R22,dry,bolus,Crocodile Bridge,68,3,mid,no,no,0,74.51335,0,0,0,0,0,0
R30-0910,R30,dry,bolus,Crocodile Bridge,84,2.25,no,no,no,0,62.49925,0,0,0,0,1,1
R35-0910,R35,dry,bolus,Crocodile Bridge,84,2.5,late,no,no,0,77.94595,0,0,0,0,0,1
R36-0910,R36,dry,bolus,Crocodile Bridge,120,2.75,late,no,no,0,72.79705,0,0,0,0,0,1
R43-0910,R43,dry,control,Crocodile Bridge,144,2,mid,no,no,0,65.0737,0,0,0,0,0,0
Y29-0910,Y29,dry,bolus,Crocodile Bridge,87,3,late,no,no,1,53.0596,0,1,0,0,0,0
Y28-0910,Y28,dry,bolus,Crocodile Bridge,65,3,mid,no,no,0,70.2226,0,0,0,0,0,1
Y42-0910,Y42,dry,control,Crocodile Bridge,96,2,no,no,no,1,67.64815,0,0,0,0,0,0
R2-0910,R2,dry,bolus,Crocodile Bridge,65,3.25,mid,no,no,1,51.3433,1,0,0,0,0,0
W2-0910,W2,dry,bolus,Crocodile Bridge,54,2.75,no,no,no,0,68.5063,0,0,0,0,0,0
Y46b-0910,Y46b,dry,control,Crocodile Bridge,72,3.5,mid,no,no,0,69.36445,1,1,1,0,0,0
Y6-0910,Y6,dry,bolus,Crocodile Bridge,66,2.5,no,no,no,0,56.4922,0,0,0,0,1,0
Y17-1010,Y17,wet,control,Crocodile Bridge,83,3.25,late,no,no,0,57.35035,1,0,0,0,0,0
R17-1010,R17,wet,bolus,Crocodile Bridge,90,2,late,no,no,1,65.93185,0,0,0,0,0,0
R38-1010,R38,wet,bolus,Crocodile Bridge,83,2,no,no,no,0,67.64815,0,0,0,0,0,1
R7b-1010,R7b,wet,control,Crocodile Bridge,46,2.75,no,no,no,0,42.7618,1,1,1,0,0,0
R3-1010,R3,wet,control,Crocodile Bridge,84,3,late,no,no,1,76.22965,1,1,1,0,0,0
R41-1010,R41,wet,control,Crocodile Bridge,52,3,mid/late,no,no,0,64.21555,0,0,0,0,1,0
R33-1110,R33,wet,control,Crocodile Bridge,66,2.25,no,no,no,0,62.49925,0,0,0,0,0,0
Y9-1110,Y9,wet,bolus,Crocodile Bridge,71,2,mid,no,no,0,71.08075,0,0,0,0,0,0
O21-1110,O21,wet,control,Lower Sabie,58,2.25,no,no,no,0,54.7759,0,0,0,0,0,0
B31-1110,B31,wet,control,Lower Sabie,46,2.5,no,no,no,0,61.6411,0,1,0,0,1,1
R24-1110,R24,wet,bolus,Crocodile Bridge,67,1,mid,no,no,0,70.2226,1,0,0,0,0,0
Y41b-1110,Y41b,wet,bolus,Crocodile Bridge,73,2.25,no,no,no,0,69.36445,0,0,0,0,0,0
Y45-1110,Y45,wet,control,Crocodile Bridge,67,2.5,mid,no,no,0,63.3574,0,0,1,0,0,0
B2b-1110,B2b,wet,control,Lower Sabie,61,2.5,late,no,no,0,64.21555,0,0,0,0,0,0
O22-1110,O22,wet,bolus,Lower Sabie,71,2,no,no,no,1,61.6411,0,0,0,0,0,0
O23b-1110,O23b,wet,control,Lower Sabie,45,2.5,no,no,no,0,47.9107,0,0,0,0,0,0
O46-1110,O46,wet,bolus,Lower Sabie,125,1.75,no,no,yes,1,60.78295,0,0,0,0,1,0
B42b-1110,B42b,wet,control,Lower Sabie,47,2.5,late,no,no,1,59.06665,0,0,0,0,0,0
B46-1110,B46,wet,bolus,Lower Sabie,89,3,late,no,no,0,60.78295,0,1,1,0,0,0
B57-1110,B57,wet,control,Lower Sabie,69,2.75,late,no,no,1,83.953,0,0,0,0,0,0
O17b-1110,O17b,wet,bolus,Lower Sabie,46,3,no,no,no,0,65.0737,0,0,1,0,0,0
O52-1110,O52,wet,bolus,Lower Sabie,149,1.5,no,no,no,1,69.36445,0,0,0,0,0,0
B1-1110,B1,wet,control,Lower Sabie,68,3.25,late,no,no,1,71.9389,0,0,1,0,0,1
O7-1110,O7,wet,bolus,Lower Sabie,69,2.75,late,no,no,1,78.8041,0,0,1,0,0,0
O41-1110,O41,wet,control,Lower Sabie,72,3,late,no,no,0,74.51335,0,0,0,0,0,0
B48b-1210,B48b,wet,bolus,Lower Sabie,72,2.25,no,yes,yes,0,61.6411,0,0,1,0,0,0
O30-1210,O30,wet,control,Lower Sabie,71,2.25,no,no,no,0,67.64815,0,1,0,0,0,1
O44-1210,O44,wet,bolus,Lower Sabie,75,2.25,late,no,no,0,69.36445,0,0,0,0,0,0
B30-0111,B30,wet,control,Lower Sabie,58,4,late,no,no,0,67.64815,0,0,0,0,0,0
O38-0111,O38,wet,bolus,Lower Sabie,59,3.5,late,no,no,0,62.49925,0,0,0,0,0,1
O47b-0111,O47b,wet,control,Lower Sabie,54,3.5,no,no,no,1,72.79705,0,0,0,0,0,1
B23-0111,B23,wet,bolus,Lower Sabie,151,2.5,no,no,no,0,71.9389,0,0,1,0,0,1
B41-0111,B41,wet,control,Lower Sabie,48,3.5,late,no,no,0,65.0737,0,0,0,0,0,0
O29b-0111,O29b,wet,control,Lower Sabie,51,2.25,no,no,no,0,65.93185,0,0,0,0,0,0
B34-0111,B34,wet,bolus,Lower Sabie,59,2.25,early/mid,no,no,1,69.36445,0,0,0,0,0,0
O31-0111,O31,wet,control,Lower Sabie,61,3,no,yes,yes,1,67.64815,0,1,1,0,1,0
O5-0111,O5,wet,control,Lower Sabie,58,2.75,late,no,no,0,69.36445,0,0,0,0,0,0
B36b-0111,B36b,wet,bolus,Lower Sabie,68,2.75,late,yes,yes,0,66.79,0,0,0,0,0,0
O20-0111,O20,wet,bolus,Lower Sabie,61,4,no,no,no,0,70.2226,0,0,0,0,0,1
O37-0111,O37,wet,bolus,Lower Sabie,61,2.5,late,no,no,1,66.79,0,0,0,1,1,1
O40-0111,O40,wet,control,Lower Sabie,92,2.5,no,yes,no,0,59.9248,0,0,0,0,0,0
B37-0111,B37,wet,control,Lower Sabie,70,3.25,no,no,no,1,71.9389,0,0,1,0,0,0
B44-0111,B44,wet,bolus,Lower Sabie,70,2.5,late,unknown,yes,0,68.5063,0,0,0,0,0,0
O11-0111,O11,wet,bolus,Lower Sabie,116,3.25,mid,yes,yes,1,84.81115,1,1,1,0,0,0
O49-0111,O49,wet,bolus,Lower Sabie,72,3.5,late,no,no,1,76.22965,0,0,0,0,0,0
B24-0211,B24,wet,bolus,Lower Sabie,103,3,late,no,no,0,78.8041,1,0,1,0,0,0
B27-0211,B27,wet,bolus,Lower Sabie,61,3.5,no,no,no,1,81.37855,0,0,0,0,0,0
O9-0211,O9,wet,control,Lower Sabie,61,2.5,mid,no,no,0,67.64815,0,0,1,0,0,1
B26-0211,B26,wet,control,Lower Sabie,59,3.25,no,no,no,1,73.6552,0,0,0,0,0,0
O35-0211,O35,wet,control,Lower Sabie,50,3.25,no,no,no,1,55.63405,0,0,1,0,1,0
B3-0211,B3,wet,bolus,Lower Sabie,83,3.5,late,no,no,0,64.21555,1,0,0,0,0,0
O12-0211,O12,wet,control,Lower Sabie,86,3,mid,yes,yes,0,69.36445,0,0,0,0,0,0
B35-0211,B35,wet,bolus,Lower Sabie,67,4,late,no,no,0,59.06665,0,0,0,0,0,0
O34-0211,O34,wet,bolus,Lower Sabie,104,2.75,no,yes,yes,0,71.08075,0,0,0,0,0,0
O4-0211,O4,wet,control,Lower Sabie,56,3.5,no,no,no,1,60.78295,0,0,0,0,0,0
O18-0211,O18,wet,bolus,Lower Sabie,73,3.5,late,no,no,0,68.5063,0,1,1,0,0,1
O24-0211,O24,wet,bolus,Lower Sabie,74,3,late,no,no,1,69.36445,0,1,1,0,1,0
O13-0211,O13,wet,control,Lower Sabie,116,2.75,late,yes,yes,0,71.9389,0,0,0,0,0,1
O48-0211,O48,wet,bolus,Lower Sabie,71,3.25,late,no,no,1,71.08075,0,0,0,0,0,0
B38-0211,B38,wet,bolus,Lower Sabie,188,2.25,no,yes,yes,1,64.21555,0,0,0,1,0,0
R7b-0211,R7b,wet,control,Crocodile Bridge,50,3.75,no,no,no,0,48.76885,0,0,0,0,0,0
B25-0211,B25,wet,control,Lower Sabie,53,3.5,late,no,no,0,64.21555,0,0,0,0,0,1
B29-0211,B29,wet,control,Lower Sabie,50,3.5,mid,no,no,0,70.2226,0,0,0,0,0,1
B4-0211,B4,wet,bolus,Lower Sabie,63,3.75,no,no,no,1,72.79705,0,0,0,0,0,0
B43-0211,B43,wet,control,Lower Sabie,128,3,late,no,no,0,67.64815,0,0,0,0,0,0
B53-0211,B53,wet,bolus,Lower Sabie,83,4,no,no,no,0,50.48515,0,1,1,0,0,1
O15-0211,O15,wet,bolus,Lower Sabie,95,3.5,no,yes,yes,1,66.79,0,0,0,0,0,0
O19-0211,O19,wet,bolus,Lower Sabie,93,3.25,late,no,no,1,86.52745,0,0,1,0,0,0
O45b-0211,O45b,wet,control,Lower Sabie,83,4,late,no,no,0,54.7759,0,0,0,1,0,0
R28-0311,R28,wet,control,Crocodile Bridge,75,3.75,late,no,no,0,59.9248,0,0,0,0,0,0
R50b-0311,R50b,wet,bolus,Crocodile Bridge,100,4,late,no,no,1,65.0737,0,0,0,0,0,0
Y26b-0311,Y26b,wet,control,Crocodile Bridge,76,3.25,no,yes,yes,0,83.953,0,0,0,0,0,1
Y17-0311,Y17,wet,control,Crocodile Bridge,88,3.75,late,no,no,0,57.35035,0,0,1,0,0,0
Y24b-0311,Y24b,wet,control,Crocodile Bridge,77,3.25,late,yes,no,0,69.36445,0,0,1,0,0,0
Y44b-0311,Y44b,wet,bolus,Crocodile Bridge,73,3.5,late,no,no,0,80.5204,0,0,1,1,0,0
B33-0311,B33,wet,control,Lower Sabie,84,3.5,no,no,no,0,70.2226,0,0,0,0,0,0
O6-0311,O6,wet,bolus,Lower Sabie,72,3.75,no,no,no,1,70.2226,0,0,0,0,0,0
Y36-0311,Y36,wet,control,Crocodile Bridge,87,2.25,no,no,yes,0,62.49925,0,0,0,0,0,1
Y37b-0311,Y37b,wet,bolus,Crocodile Bridge,77,3.25,no,no,no,0,57.35035,0,0,0,0,0,0
R12-0311,R12,wet,control,Crocodile Bridge,70,3.75,no,no,no,1,63.3574,0,0,0,0,0,0
R16-0311,R16,wet,bolus,Crocodile Bridge,72,3.75,no,yes,yes,0,66.79,0,0,0,0,0,1
R3-0311,R3,wet,control,Crocodile Bridge,89,3.25,no,no,no,1,73.6552,0,0,0,1,0,1
Y4-0311,Y4,wet,control,Crocodile Bridge,77,2.5,no,no,no,1,65.0737,0,0,0,0,0,0
Y45-0311,Y45,wet,control,Crocodile Bridge,71,3.25,late,no,no,0,65.0737,0,0,0,0,1,0
Y46b-0311,Y46b,wet,control,Crocodile Bridge,77,3,no,yes,yes,0,68.5063,0,0,0,0,0,0
R33-0311,R33,wet,control,Crocodile Bridge,71,2.75,late,no,no,0,65.0737,0,0,0,0,0,0
R2-0311,R2,wet,bolus,Crocodile Bridge,71,3,no,yes,yes,1,51.3433,0,0,1,0,0,1
Y9-0311,Y9,wet,bolus,Crocodile Bridge,76,3,late,no,no,0,70.2226,0,0,0,0,0,0
R14b-0311,R14b,wet,bolus,Crocodile Bridge,66,3.5,no,no,no,0,66.79,0,0,0,0,0,0
R23b-0311,R23b,wet,bolus,Crocodile Bridge,71,2.75,no,no,no,1,59.06665,0,0,0,0,0,0
R42b-0311,R42b,wet,bolus,Crocodile Bridge,66,3.25,late,no,no,1,66.79,0,0,0,0,0,0
R45c-0311,R45c,wet,bolus,Crocodile Bridge,76,3.25,no,no,no,0,59.9248,0,0,0,0,1,0
R40-0411,R40,dry,control,Crocodile Bridge,59,3.75,late,no,no,0,62.49925,0,0,1,0,0,0
R10-0411,R10,dry,bolus,Crocodile Bridge,76,3.5,no,no,no,0,59.06665,0,0,0,0,1,1
R21c-0411,R21c,dry,control,Crocodile Bridge,66,3.25,early,no,no,1,61.6411,0,0,0,0,0,0
R47-0411,R47,dry,bolus,Crocodile Bridge,61,3.5,no,no,no,0,73.6552,1,0,0,0,0,0
W4-0411,W4,dry,bolus,Crocodile Bridge,85,3.5,late,no,no,1,87.3856,0,0,0,0,0,0
Y11-0411,Y11,dry,bolus,Crocodile Bridge,76,2.5,no,yes,yes,0,66.79,0,0,0,0,1,0
Y42-0411,Y42,dry,control,Crocodile Bridge,103,3.25,early,no,no,1,67.64815,0,0,1,0,0,0
Y21b-0411,Y21b,dry,control,Crocodile Bridge,67,2.5,early,no,no,1,64.21555,0,0,0,0,0,0
Y7b-0411,Y7b,dry,control,Crocodile Bridge,66,3.5,no,no,no,0,59.9248,0,0,1,0,0,0
R8b-0411,R8b,dry,control,Crocodile Bridge,77,3,no,yes,yes,1,66.79,0,0,0,0,0,0
Y14-0511,Y14,dry,bolus,Crocodile Bridge,77,2.75,early,yes,yes,1,71.08075,0,0,0,0,0,1
R36-0511,R36,dry,bolus,Crocodile Bridge,128,2.25,no,yes,yes,0,72.79705,0,0,0,0,0,0
Y20b-0511,Y20b,dry,bolus,Crocodile Bridge,65,3,no,no,no,0,57.35035,1,0,0,0,0,0
R19-0511,R19,dry,control,Crocodile Bridge,67,2.75,no,yes,yes,0,73.6552,0,0,0,0,1,0
R20-0511,R20,dry,control,Crocodile Bridge,79,2.5,no,yes,yes,1,51.3433,0,0,0,0,0,0
R52-0511,R52,dry,control,Crocodile Bridge,164,2.25,no,no,no,0,96.82525,0,1,1,0,0,0
Y13-0511,Y13,dry,control,Crocodile Bridge,63,3.5,no,yes,yes,0,67.64815,0,0,0,0,0,0
Y28-0511,Y28,dry,bolus,Crocodile Bridge,73,3,no,yes,yes,0,68.5063,0,0,0,0,0,0
Y29-0511,Y29,dry,bolus,Crocodile Bridge,95,3,no,yes,yes,1,52.20145,0,0,0,0,0,0
R22-0511,R22,dry,bolus,Crocodile Bridge,76,3,early,no,no,0,77.0878,0,0,0,0,1,1
R51-0511,R51,dry,bolus,Crocodile Bridge,73,3.25,no,yes,yes,1,66.79,0,0,0,0,1,0
W2-0511,W2,dry,bolus,Crocodile Bridge,62,3.5,no,no,no,0,76.22965,0,0,0,0,0,0
R1-0511,R1,dry,bolus,Crocodile Bridge,86,3.25,no,yes,yes,0,71.08075,0,0,0,0,0,1
R13-0511,R13,dry,control,Crocodile Bridge,77,3.25,no,yes,yes,0,70.2226,0,0,0,0,0,1
R17-0511,R17,dry,bolus,Crocodile Bridge,98,1.75,no,yes,yes,1,66.79,0,0,0,0,0,1
R35-0511,R35,dry,bolus,Crocodile Bridge,92,1.5,no,yes,yes,0,76.22965,0,0,0,0,0,0
R4c-0511,R4c,dry,bolus,Crocodile Bridge,152,2.5,no,yes,yes,1,65.93185,0,0,0,0,0,0
Y3-0511,Y3,dry,control,Crocodile Bridge,116,3.75,no,no,no,1,51.3433,0,0,0,0,0,0
Y33b-0511,Y33b,dry,control,Crocodile Bridge,74,2.5,no,no,no,1,80.5204,0,0,1,0,0,0
Y6-0511,Y6,dry,bolus,Crocodile Bridge,74,3.5,no,no,no,0,58.2085,0,0,0,0,0,0
R30-0611,R30,dry,bolus,Crocodile Bridge,92,3.25,mid,no,no,0,65.0737,0,0,0,0,0,0
R43-0611,R43,dry,control,Crocodile Bridge,152,3,early,no,no,0,65.93185,0,0,0,0,0,0
Y18-0611,Y18,dry,bolus,Crocodile Bridge,140,2.25,no,yes,yes,0,66.79,0,0,0,0,0,0
Y27-0611,Y27,dry,bolus,Crocodile Bridge,86,3.5,no,no,no,0,77.94595,0,0,0,0,0,0
B13b-0611,B13b,dry,control,Lower Sabie,65,3,no,no,no,0,64.21555,0,0,0,0,0,0
B37-0611,B37,dry,control,Lower Sabie,75,3,early,no,no,1,73.6552,0,0,0,0,0,1
B36b-0611,B36b,dry,bolus,Lower Sabie,72,2.75,early,no,no,0,68.5063,0,0,0,0,0,0
B57-0611,B57,dry,control,Lower Sabie,76,3.25,no,yes,yes,1,84.81115,0,0,0,0,1,0
B27-0611,B27,dry,bolus,Lower Sabie,65,3,early,no,no,1,81.37855,0,0,0,0,0,0
B44-0611,B44,dry,bolus,Lower Sabie,75,3,early,no,no,0,75.3715,0,0,0,0,0,1
B46-0611,B46,dry,bolus,Lower Sabie,96,2.25,early,yes,yes,0,61.6411,0,0,0,0,0,0
B5-0611,B5,dry,control,Lower Sabie,66,2.75,no,yes,yes,0,80.5204,0,0,0,0,0,0
O20-0611,O20,dry,bolus,Lower Sabie,65,2,no,no,no,0,71.9389,0,0,0,0,0,0
O4-0611,O4,dry,control,Lower Sabie,60,3.5,early,no,no,1,61.6411,0,0,0,0,0,0
O45b-0611,O45b,dry,control,Lower Sabie,87,3,early/mid,no,no,0,55.63405,0,0,0,0,0,0
O7-0611,O7,dry,bolus,Lower Sabie,76,3,no,no,no,1,79.66225,0,0,0,0,0,0
B31-0611,B31,dry,control,Lower Sabie,53,3.5,early,no,no,0,70.2226,0,0,0,0,0,0
B43-0611,B43,dry,control,Lower Sabie,132,2.75,no,yes,yes,0,68.5063,0,0,0,0,0,0
O50-0611,O50,dry,bolus,Lower Sabie,77,2.75,late,no,no,1,63.3574,0,0,0,0,0,0
B1-0611,B1,dry,control,Lower Sabie,75,4,mid,no,no,1,75.3715,0,0,0,0,0,0
B20-0611,B20,dry,control,Lower Sabie,66,2.5,no,yes,yes,0,59.9248,0,0,0,0,0,0
B23-0611,B23,dry,bolus,Lower Sabie,156,3.5,no,no,no,0,78.8041,0,0,0,0,0,0
O12-0611,O12,dry,control,Lower Sabie,90,3.5,late,yes,no,0,70.2226,0,0,0,0,0,0
O24-0611,O24,dry,bolus,Lower Sabie,78,3.75,no,yes,yes,1,68.5063,0,0,0,0,0,0
O37-0611,O37,dry,bolus,Lower Sabie,65,2.5,early,no,no,1,67.64815,0,0,0,0,0,0
O17b-0611,O17b,dry,bolus,Lower Sabie,53,2.75,no,no,no,0,70.2226,0,0,0,0,0,0
B38-0611,B38,dry,bolus,Lower Sabie,192,2.5,no,yes,yes,1,64.21555,0,0,0,0,0,0
O29b-0611,O29b,dry,control,Lower Sabie,56,1.75,no,yes,yes,0,68.5063,0,0,0,0,0,0
O41-0611,O41,dry,control,Lower Sabie,78,3.5,no,no,no,0,77.0878,1,0,0,0,0,0
B24-0611,B24,dry,bolus,Lower Sabie,108,2.5,no,yes,yes,0,77.0878,0,0,0,0,0,0
O13-0611,O13,dry,control,Lower Sabie,120,2.25,late,no,no,0,72.79705,0,0,0,0,0,0
O40-0611,O40,dry,control,Lower Sabie,96,3,early,yes,yes,0,59.9248,1,0,0,0,0,0
B17-0611,B17,dry,bolus,Lower Sabie,99,3.5,late,no,no,0,62.49925,0,1,1,0,0,0
B34-0611,B34,dry,bolus,Lower Sabie,64,3.25,no,no,no,1,70.2226,0,0,0,0,0,1
B42b-0611,B42b,dry,control,Lower Sabie,54,3.5,mid,no,no,1,67.64815,0,0,0,0,0,0
B48b-0611,B48b,dry,bolus,Lower Sabie,78,3.5,early,no,no,0,65.0737,0,0,0,1,1,0
O31-0611,O31,dry,control,Lower Sabie,66,3.25,no,no,no,1,71.08075,1,0,0,0,0,1
O44-0611,O44,dry,bolus,Lower Sabie,81,3.5,early,no,no,0,70.2226,0,0,0,0,0,0
O30-0611,O30,dry,control,Lower Sabie,78,2.5,no,yes,yes,0,70.2226,0,0,0,1,0,0
R38-0611,R38,dry,bolus,Crocodile Bridge,91,2.75,early,no,no,1,72.79705,0,0,0,0,0,0
O15-0611,O15,dry,bolus,Lower Sabie,99,3,no,yes,yes,1,66.79,0,0,0,0,0,0
O25-0611,O25,dry,bolus,Lower Sabie,81,3,no,yes,yes,0,77.0878,0,0,0,0,0,0
Y40-0711,Y40,dry,control,Crocodile Bridge,63,3.75,no,no,no,0,66.79,0,0,0,0,0,0
O48-0711,O48,dry,bolus,Lower Sabie,76,2.5,early,yes,yes,1,71.9389,0,0,0,0,0,0
B35-0711,B35,dry,bolus,Lower Sabie,72,3,no,yes,yes,0,58.2085,0,0,0,0,0,1
O9-0711,O9,dry,control,Lower Sabie,66,3,early,no,no,1,70.2226,1,0,0,0,1,0
B41-0711,B41,dry,control,Lower Sabie,54,3.5,early,no,no,0,70.2226,1,0,1,0,0,1
B53-0711,B53,dry,bolus,Lower Sabie,88,3,mid,no,no,0,52.20145,0,0,0,0,1,0
O6-0711,O6,dry,bolus,Lower Sabie,76,3.25,late,no,no,1,71.9389,0,0,0,0,0,1
B4-0711,B4,dry,bolus,Lower Sabie,68,3.75,mid,no,no,1,74.51335,0,0,0,0,0,0
B6-0711,B6,dry,bolus,Lower Sabie,104,2.75,no,yes,yes,0,79.66225,0,0,1,0,0,0
O47b-0711,O47b,dry,control,Lower Sabie,60,4,mid,no,no,1,77.94595,1,0,0,1,0,0
B16-0711,B16,dry,control,Lower Sabie,79,3,no,yes,yes,1,56.4922,0,1,0,1,0,1
B19-0711,B19,dry,control,Lower Sabie,133,2.75,no,yes,yes,0,74.51335,0,0,0,0,0,0
B25-0711,B25,dry,control,Lower Sabie,58,3,no,no,no,0,65.0737,0,0,0,0,0,0
B29-0711,B29,dry,control,Lower Sabie,55,3.5,no,no,no,0,72.79705,0,0,0,0,0,0
O23b-0711,O23b,dry,control,Lower Sabie,54,3.5,no,no,no,0,51.3433,0,0,0,0,0,0
O46-0711,O46,dry,bolus,Lower Sabie,134,2.5,early/mid,yes,yes,1,61.6411,0,0,0,0,0,0
B30-0711,B30,dry,control,Lower Sabie,64,3,mid/late,yes,no,0,69.36445,0,0,1,1,0,0
O11-0711,O11,dry,bolus,Lower Sabie,122,2.5,no,yes,yes,1,85.6693,0,0,0,0,0,0
O38-0711,O38,dry,bolus,Lower Sabie,66,2.5,no,yes,yes,0,64.21555,0,0,0,0,0,0
B33-0811,B33,dry,control,Lower Sabie,89,2.75,mid,no,no,0,73.6552,0,0,0,0,0,0
O5-0811,O5,dry,control,Lower Sabie,64,2.5,mid,yes,yes,0,71.08075,0,0,0,0,0,0
O22-0811,O22,dry,bolus,Lower Sabie,80,2.25,no,no,no,1,62.49925,0,0,0,0,0,0
R13-0811,R13,dry,control,Crocodile Bridge,80,3.5,mid,no,no,0,73.6552,0,0,0,0,0,0
W2-0811,W2,dry,bolus,Crocodile Bridge,65,3.25,no,no,no,0,74.51335,0,1,1,0,0,0
W4-0811,W4,dry,bolus,Crocodile Bridge,89,3.5,mid,no,no,1,89.1019,0,0,0,0,1,0
Y27-0811,Y27,dry,bolus,Crocodile Bridge,89,3.25,mid,no,no,0,80.5204,0,0,0,0,0,1
R17-0811,R17,dry,bolus,Crocodile Bridge,101,1.75,early,yes,yes,1,67.64815,0,0,1,0,0,0
R20-0811,R20,dry,control,Crocodile Bridge,82,1.75,no,yes,yes,1,53.91775,0,0,0,0,0,1
R51-0811,R51,dry,bolus,Crocodile Bridge,76,2.75,no,yes,yes,1,65.0737,0,0,1,0,1,0
Y11-0811,Y11,dry,bolus,Crocodile Bridge,80,2.75,early,yes,yes,0,65.93185,0,0,0,0,0,0
Y14-0811,Y14,dry,bolus,Crocodile Bridge,80,3,no,yes,yes,1,73.6552,0,0,0,1,0,0
Y20b-0811,Y20b,dry,bolus,Crocodile Bridge,68,3.5,mid,no,no,0,61.6411,0,0,0,0,0,0
Y28-0811,Y28,dry,bolus,Crocodile Bridge,76,2.75,no,yes,yes,0,71.08075,0,0,0,0,0,0
R30-0811,R30,dry,bolus,Crocodile Bridge,95,3.75,mid,no,no,0,65.0737,0,1,0,0,0,0
R4c-0811,R4c,dry,bolus,Crocodile Bridge,155,1.75,no,yes,yes,1,67.64815,0,0,0,0,0,0
Y18-0811,Y18,dry,bolus,Crocodile Bridge,143,3,early,yes,yes,0,66.79,0,1,0,0,0,0
R1-0811,R1,dry,bolus,Crocodile Bridge,89,2,no,yes,yes,0,70.2226,0,1,0,0,0,0
R19-0811,R19,dry,control,Crocodile Bridge,70,2.25,no,yes,yes,0,75.3715,0,0,0,0,0,1
R43-0811,R43,dry,control,Crocodile Bridge,155,3,no,no,yes,0,65.93185,0,0,0,0,0,0
R21c-0811,R21c,dry,control,Crocodile Bridge,70,2.75,mid,no,no,1,65.0737,0,1,1,0,0,0
R38-0811,R38,dry,bolus,Crocodile Bridge,93,2.5,late,no,no,1,74.51335,0,0,0,0,0,0
R23b-0811,R23b,dry,bolus,Crocodile Bridge,76,2.5,late,no,no,1,63.3574,0,0,0,0,0,0
Y6-0811,Y6,dry,bolus,Crocodile Bridge,77,3,mid,no,no,0,58.2085,0,0,0,0,0,0
R22-0811,R22,dry,bolus,Crocodile Bridge,79,2.5,mid,no,no,0,77.0878,0,0,0,0,0,0
Y17-0811,Y17,dry,control,Crocodile Bridge,94,3,mid,no,no,0,59.06665,0,0,0,0,0,0
R36-0811,R36,dry,bolus,Crocodile Bridge,131,1.75,early,yes,yes,0,74.51335,0,1,0,0,0,0
Y3-0811,Y3,dry,control,Crocodile Bridge,119,2.25,early,yes,yes,1,66.79,1,1,1,0,0,0
Y42-0811,Y42,dry,control,Crocodile Bridge,107,2.25,mid,no,no,1,69.36445,0,1,0,0,0,0
Y4-0911,Y4,dry,control,Crocodile Bridge,83,2.75,no,no,no,1,65.93185,0,1,1,0,0,0
R14b-0911,R14b,dry,bolus,Crocodile Bridge,72,3.25,mid,no,no,0,69.36445,0,0,0,0,0,0
Y21b-0911,Y21b,dry,control,Crocodile Bridge,72,2.75,mid,no,no,1,66.79,0,1,0,0,0,0
Y40-0911,Y40,dry,control,Crocodile Bridge,66,3.5,mid,no,no,1,51.3433,0,0,0,0,0,0
Y7b-0911,Y7b,dry,control,Crocodile Bridge,71,3.25,late,no,no,0,62.49925,0,0,0,0,0,1
R4b-0911,R4b,dry,bolus,Crocodile Bridge,94,1.75,mid,yes,yes,1,80.5204,0,1,0,0,0,0
R12-0911,R12,dry,control,Crocodile Bridge,76,2.5,no,no,no,1,65.93185,0,0,1,0,0,0
R40-1011,R40,wet,control,Crocodile Bridge,66,2.75,no,no,no,0,61.6411,0,0,0,0,0,0
R28-1011,R28,wet,control,Crocodile Bridge,82,1.5,mid,no,no,0,70.2226,0,0,0,0,0,0
R50b-1011,R50b,wet,bolus,Crocodile Bridge,107,2.75,early,no,no,1,65.0737,0,0,1,0,1,0
Y33b-1011,Y33b,wet,control,Crocodile Bridge,79,2.5,mid,no,no,1,81.37855,0,0,0,0,0,0
Y45-1011,Y45,wet,control,Crocodile Bridge,78,2.5,mid,no,no,0,62.49925,0,0,0,0,0,1
R32b-1011,R32b,wet,control,Crocodile Bridge,84,2.5,late,no,no,1,57.35035,0,0,0,0,0,0
R33-1011,R33,wet,control,Crocodile Bridge,78,2,mid,no,no,0,65.93185,0,0,0,0,0,0
Y24b-1011,Y24b,wet,control,Crocodile Bridge,85,2.75,mid,no,no,0,71.08075,0,0,0,0,0,0
Y37b-1011,Y37b,wet,bolus,Crocodile Bridge,85,3,late,no,no,0,59.06665,0,0,1,0,0,0
R2-1011,R2,wet,bolus,Crocodile Bridge,78,2,no,yes,yes,1,51.3433,0,0,0,0,0,0
R8b-1011,R8b,wet,control,Crocodile Bridge,83,2.75,mid,no,yes,1,65.93185,0,0,0,0,0,0
R10-1011,R10,wet,bolus,Crocodile Bridge,82,3.5,late,no,no,0,55.63405,0,0,0,0,0,0
R35-1011,R35,wet,bolus,Crocodile Bridge,97,1.5,mid,no,yes,0,76.22965,0,1,1,0,0,0
Y36-1011,Y36,wet,control,Crocodile Bridge,95,2.5,late,no,no,0,63.3574,0,0,0,0,1,1
Y26b-1011,Y26b,wet,control,Crocodile Bridge,84,2,mid,no,no,0,87.3856,0,0,0,0,0,0
Y9-1011,Y9,wet,bolus,Crocodile Bridge,83,1.5,no,yes,yes,1,71.08075,0,0,0,0,0,0
R3-1111,R3,wet,control,Crocodile Bridge,97,3,no,no,no,1,74.51335,0,0,1,0,0,0
R41-1111,R41,wet,control,Crocodile Bridge,83,3.25,mid,no,yes,0,64.21555,0,0,1,0,0,0
B33-1111,B33,wet,control,Lower Sabie,92,2.5,late,no,no,0,73.6552,0,0,1,0,0,0
O17b-1111,O17b,wet,bolus,Lower Sabie,58,2.5,no,no,no,0,70.2226,0,0,1,0,0,1
Y46b-1111,Y46b,wet,control,Crocodile Bridge,85,2.75,early,no,no,0,70.2226,0,0,0,0,0,1
B8-1111,B8,wet,bolus,Lower Sabie,95,1.75,mid,no,yes,0,70.2226,0,0,0,0,0,0
O14-1111,O14,wet,control,Lower Sabie,93,2.5,no,no,no,1,-53.351,0,0,0,1,0,0
B46-1111,B46,wet,bolus,Lower Sabie,101,1.5,mid,no,yes,0,60.78295,0,0,0,0,0,0
B57-1111,B57,wet,control,Lower Sabie,81,1.75,mid,yes,yes,1,87.3856,0,1,0,0,0,1
O29b-1111,O29b,wet,control,Lower Sabie,61,1.75,mid,no,no,0,69.36445,0,0,0,1,0,0
O41-1111,O41,wet,control,Lower Sabie,83,2.75,late,no,no,0,75.3715,0,1,1,1,0,0
O50-1111,O50,wet,bolus,Lower Sabie,82,2.25,mid,no,no,1,64.21555,0,0,1,0,0,0
B30-1111,B30,wet,control,Lower Sabie,68,1.75,no,no,no,0,68.5063,0,0,0,0,0,0
R16-1111,R16,wet,bolus,Crocodile Bridge,80,2.5,no,yes,yes,0,65.93185,0,0,0,0,0,0
R42b-1111,R42b,wet,bolus,Crocodile Bridge,74,2.5,no,no,yes,1,68.5063,0,0,0,0,0,0
R45c-1111,R45c,wet,bolus,Crocodile Bridge,84,3,mid,no,no,0,60.78295,0,0,0,0,0,1
B20-1111,B20,wet,control,Lower Sabie,71,2.25,no,yes,yes,0,61.6411,0,0,0,0,0,1
O18-1111,O18,wet,bolus,Lower Sabie,83,2,no,yes,yes,1,68.5063,1,1,1,0,0,1
O23b-1111,O23b,wet,control,Lower Sabie,57,2.5,mid,no,no,0,54.7759,0,0,0,1,0,1
B29-1111,B29,wet,control,Lower Sabie,59,2.5,no,no,no,1,71.9389,0,0,0,0,0,0
O31-1111,O31,wet,control,Lower Sabie,71,3,late,no,no,1,73.6552,0,0,0,1,0,0
O12-1111,O12,wet,control,Lower Sabie,96,2.75,late,no,yes,1,70.2226,0,0,0,1,0,1
O40-1111,O40,wet,control,Lower Sabie,102,2.5,late,no,no,0,61.6411,0,0,1,0,0,0
O44-1111,O44,wet,bolus,Lower Sabie,87,2.5,no,no,no,0,71.9389,0,0,0,1,0,0
O7-1111,O7,wet,bolus,Lower Sabie,82,2.5,mid,no,no,1,80.5204,0,0,0,0,0,0
B31-1111,B31,wet,control,Lower Sabie,59,3.25,no,no,no,0,71.9389,0,0,0,0,1,0
B36b-1111,B36b,wet,bolus,Lower Sabie,78,2.75,late,no,yes,0,68.5063,0,1,0,0,0,0
B41-1111,B41,wet,control,Lower Sabie,59,2.75,no,no,no,0,74.51335,0,0,0,0,0,0
O8b-1111,O8b,wet,control,Lower Sabie,83,3,mid,no,no,0,77.94595,0,0,1,0,0,1
B17-1211,B17,wet,bolus,Lower Sabie,105,3.75,late,no,no,0,61.6411,1,0,0,0,0,1
B23-1211,B23,wet,bolus,Lower Sabie,162,3,no,no,yes,0,77.94595,0,0,0,0,0,0
B27-1211,B27,wet,bolus,Lower Sabie,71,2.5,no,no,no,1,80.5204,0,0,0,0,0,0
B44-1211,B44,wet,bolus,Lower Sabie,81,2.5,mid,no,no,0,76.22965,0,1,0,0,0,0
O45b-1211,O45b,wet,control,Lower Sabie,92,2.25,mid,no,no,0,54.7759,0,0,1,1,0,0
B34-1211,B34,wet,bolus,Lower Sabie,70,2.75,late,no,no,1,71.08075,1,0,0,0,0,0
B5-1211,B5,wet,control,Lower Sabie,72,2,no,no,no,0,82.2367,1,1,1,0,0,0
O47b-1211,O47b,wet,control,Lower Sabie,65,2.75,mid,no,no,1,82.2367,0,0,1,1,0,0
O15-1211,O15,wet,bolus,Lower Sabie,104,1.75,late,no,yes,1,66.79,0,0,1,0,0,0
O9-1211,O9,wet,control,Lower Sabie,71,2.5,late,no,no,1,71.08075,0,0,0,0,0,1
B13b-1211,B13b,wet,control,Lower Sabie,71,3,late,no,no,1,65.93185,1,0,0,0,0,1
O22-1211,O22,wet,bolus,Lower Sabie,84,2,no,no,no,1,64.21555,0,0,0,0,1,1
O20-1211,O20,wet,bolus,Lower Sabie,71,2.75,no,no,no,0,71.9389,0,0,0,0,0,0
B53-0112,B53,wet,bolus,Lower Sabie,94,4,late,no,no,0,53.0596,0,0,1,0,0,1
B48b-0112,B48b,wet,bolus,Lower Sabie,85,3,no,yes,yes,0,65.0737,0,0,0,0,0,1
O38-0112,O38,wet,bolus,Lower Sabie,71,3,mid,no,yes,0,66.79,0,0,1,1,0,0
O11-0112,O11,wet,bolus,Lower Sabie,128,2.75,mid,no,no,1,87.3856,0,0,0,0,0,0
O48-0112,O48,wet,bolus,Lower Sabie,83,3.25,no,no,no,1,71.9389,0,0,1,0,0,1
B16-0112,B16,wet,control,Lower Sabie,86,2.5,no,yes,yes,1,56.4922,0,0,0,0,0,0
O30-0112,O30,wet,control,Lower Sabie,85,2.5,no,no,yes,0,70.2226,0,0,0,1,0,0
O19-0112,O19,wet,bolus,Lower Sabie,104,3.75,late,no,no,1,88.24375,0,0,1,1,0,0
O5-0212,O5,wet,control,Lower Sabie,70,3,early,yes,yes,0,71.9389,0,0,0,0,0,0
R7b-0212,R7b,wet,control,Crocodile Bridge,61,4,mid,no,no,0,53.0596,0,1,0,0,0,0
B6-0212,B6,wet,bolus,Lower Sabie,110,3.25,late,no,yes,0,80.5204,1,0,0,0,0,1
B25-0212,B25,wet,control,Lower Sabie,65,3.5,early,no,no,0,68.5063,0,0,0,0,0,0
O6-0212,O6,wet,bolus,Lower Sabie,83,3.5,no,yes,yes,1,71.9389,0,0,1,0,0,0
O37-0212,O37,wet,bolus,Lower Sabie,73,2.5,no,no,no,1,-53.351,0,0,0,1,1,1
B1-0212,B1,wet,control,Lower Sabie,83,3.5,late,no,no,1,77.0878,0,0,0,0,0,1
B19-0212,B19,wet,control,Lower Sabie,140,2.75,no,yes,yes,0,76.22965,0,0,0,0,0,0
B24-0212,B24,wet,bolus,Lower Sabie,116,3,no,yes,yes,0,77.94595,0,0,0,0,0,0
B38-0212,B38,wet,bolus,Lower Sabie,200,2.25,no,no,no,1,65.93185,0,1,0,0,0,0
B4-0212,B4,wet,bolus,Lower Sabie,75,3.75,late,no,no,1,72.79705,1,1,0,0,0,0
B43-0212,B43,wet,control,Lower Sabie,140,3,no,no,no,0,65.0737,0,0,0,0,0,0
O13-0212,O13,wet,control,Lower Sabie,129,3.5,no,no,no,0,75.3715,0,0,1,0,0,0
O24-0212,O24,wet,bolus,Lower Sabie,87,3.75,late,no,no,1,67.64815,0,0,0,0,0,0
O25-0212,O25,wet,bolus,Lower Sabie,89,3,late,no,yes,0,77.94595,0,0,1,0,0,0
O46-0212,O46,wet,bolus,Lower Sabie,141,2.75,no,no,no,1,63.3574,0,0,1,0,1,1
R4b-0212,R4b,wet,bolus,Crocodile Bridge,99,3.25,late,no,no,1,78.8041,0,0,0,0,0,1
R50b-0212,R50b,wet,bolus,Crocodile Bridge,112,3.25,late,no,no,1,65.0737,0,0,0,1,0,0
R28-0312,R28,wet,control,Crocodile Bridge,87,3,no,no,no,0,69.36445,0,0,0,1,0,0
R31b-0312,R31b,wet,control,Crocodile Bridge,107,3.75,mid,no,no,1,67.64815,0,0,0,1,0,1
R8b-0312,R8b,wet,control,Crocodile Bridge,87,3,early,no,no,1,66.79,0,0,0,1,0,1
Y2b-0312,Y2b,wet,control,Crocodile Bridge,81,2.5,late,no,no,0,90.8182,0,0,0,0,0,0
R42b-0312,R42b,wet,bolus,Crocodile Bridge,77,3.5,early,no,no,1,70.2226,0,0,0,1,0,0
R45c-0312,R45c,wet,bolus,Crocodile Bridge,87,3.25,late,no,no,0,60.78295,0,0,0,1,1,1
R51-0312,R51,wet,bolus,Crocodile Bridge,83,3.5,mid,no,no,1,65.0737,0,0,0,1,0,0
R2-0312,R2,wet,bolus,Crocodile Bridge,83,3.25,mid,no,no,1,52.20145,1,0,0,0,0,0
R37b-0312,R37b,wet,bolus,Crocodile Bridge,142,2.5,no,yes,yes,1,59.9248,0,0,0,1,0,1
R41-0312,R41,wet,control,Crocodile Bridge,87,3,no,yes,yes,0,64.21555,1,0,0,1,0,0
R12-0312,R12,wet,control,Crocodile Bridge,82,3.25,late,no,no,1,63.3574,0,0,0,0,0,1
R3-0312,R3,wet,control,Crocodile Bridge,101,3.75,late,no,no,1,73.6552,0,0,0,1,0,0
Y5c-0312,Y5c,wet,bolus,Crocodile Bridge,63,3,no,yes,yes,1,89.1019,0,0,0,0,0,0
R32b-0312,R32b,wet,control,Crocodile Bridge,89,2.75,no,yes,yes,1,57.35035,0,0,0,1,0,0
R44b-0312,R44b,wet,control,Crocodile Bridge,83,3.25,no,no,yes,1,83.09485,0,0,0,1,0,0
R23b-0312,R23b,wet,bolus,Crocodile Bridge,83,2.75,no,no,no,1,65.0737,0,0,0,1,0,0
W4-0312,W4,wet,bolus,Crocodile Bridge,96,3,no,no,no,1,89.96005,0,0,0,0,0,0
Y6-0312,Y6,wet,bolus,Crocodile Bridge,84,2.5,no,yes,yes,0,58.2085,1,0,1,0,1,0
R20-0312,R20,wet,control,Crocodile Bridge,89,2.75,no,no,no,1,55.63405,0,0,1,1,0,0
R33-0312,R33,wet,control,Crocodile Bridge,83,3.25,late,no,no,0,66.79,0,0,0,1,0,0
Y27-0312,Y27,wet,bolus,Crocodile Bridge,96,4,no,no,no,0,80.5204,1,0,0,0,0,1
R19-0312,R19,wet,control,Crocodile Bridge,77,3.5,late,no,no,0,76.22965,0,0,0,1,0,0
Y18-0312,Y18,wet,bolus,Crocodile Bridge,150,3.25,no,yes,yes,0,68.5063,0,0,0,0,0,0
Y9-0312,Y9,wet,bolus,Crocodile Bridge,88,2.5,no,yes,yes,1,73.6552,0,0,0,0,0,1
R16-0312,R16,wet,bolus,Crocodile Bridge,84,3.25,no,yes,yes,0,65.0737,0,0,0,1,0,0
R6b-0312,R6b,wet,bolus,Crocodile Bridge,73,3.25,no,no,no,1,59.9248,0,0,0,0,0,0
Y24b-0312,Y24b,wet,control,Crocodile Bridge,90,3,no,no,no,0,68.5063,0,0,0,0,0,0
Y45-0312,Y45,wet,control,Crocodile Bridge,83,3,late,no,no,0,63.3574,0,0,0,0,0,1
R52-0412,R52,dry,control,Crocodile Bridge,174,2.75,no,no,no,0,104.5486,0,0,0,1,0,0
Y33b-0412,Y33b,dry,control,Crocodile Bridge,85,2.5,no,no,no,1,81.37855,0,0,0,0,0,0
Y17-0412,Y17,dry,control,Crocodile Bridge,101,3.75,late,no,no,0,58.2085,0,0,0,0,0,0
Y32b-0412,Y32b,dry,control,Crocodile Bridge,89,2.75,no,yes,yes,0,73.6552,0,0,0,0,0,0
R4c-0412,R4c,dry,bolus,Crocodile Bridge,162,2.5,late,no,yes,1,66.79,0,0,0,1,1,0
Y3-0412,Y3,dry,control,Crocodile Bridge,127,2.75,no,yes,yes,1,65.93185,0,0,0,0,0,1
R36-0412,R36,dry,bolus,Crocodile Bridge,139,2.5,no,yes,yes,0,74.51335,1,0,0,1,0,1
Y15c-0412,Y15c,dry,bolus,Crocodile Bridge,77,3.25,late,no,no,0,65.0737,0,0,0,0,0,1
Y4-0412,Y4,dry,control,Crocodile Bridge,90,2.5,no,yes,yes,1,64.21555,0,0,0,0,1,0
R26b-0512,R26b,dry,bolus,Crocodile Bridge,89,2.5,no,yes,yes,1,70.2226,0,0,0,1,0,0
Y29-0512,Y29,dry,bolus,Crocodile Bridge,106,2.5,no,yes,yes,1,54.7759,0,0,0,0,0,0
R22-0512,R22,dry,bolus,Crocodile Bridge,88,3.25,no,no,no,0,78.8041,0,0,0,1,0,0
Y20b-0512,Y20b,dry,bolus,Crocodile Bridge,76,3,no,no,no,0,65.0737,0,0,0,0,0,0
Y37b-0512,Y37b,dry,bolus,Crocodile Bridge,91,3,no,yes,yes,0,59.06665,0,0,0,0,0,0
R30-0512,R30,dry,bolus,Crocodile Bridge,104,3,no,yes,yes,1,65.0737,0,0,0,1,0,0
W2-0512,W2,dry,bolus,Crocodile Bridge,73,3,no,yes,yes,0,80.5204,0,0,0,1,0,0
Y11-0512,Y11,dry,bolus,Crocodile Bridge,88,3,no,no,no,0,68.5063,0,0,0,0,1,0
Y14-0512,Y14,dry,bolus,Crocodile Bridge,88,3.25,early,unknown,yes,1,76.22965,1,0,0,1,0,0
R21c-0512,R21c,dry,control,Crocodile Bridge,78,2.75,no,no,no,1,65.0737,0,0,0,1,0,0
R38-0512,R38,dry,bolus,Crocodile Bridge,102,2.5,no,yes,yes,1,76.22965,1,0,1,1,0,0
Y1b-0512,Y1b,dry,control,Crocodile Bridge,78,2.5,no,yes,yes,0,67.64815,0,0,0,0,0,0
R17-0512,R17,dry,bolus,Crocodile Bridge,110,2.25,early,yes,yes,1,68.5063,0,0,0,1,1,1
R29b-0512,R29b,dry,bolus,Crocodile Bridge,76,3.25,no,yes,yes,0,50.48515,0,0,0,1,1,0
Y40-0512,Y40,dry,control,Crocodile Bridge,74,3.25,early,yes,yes,1,68.5063,0,0,0,0,0,0
Y34b-0512,Y34b,dry,control,Crocodile Bridge,73,2.5,no,yes,yes,0,70.2226,0,0,0,0,0,0
R1-0612,R1,dry,bolus,Crocodile Bridge,99,3,early,no,no,0,71.08075,0,0,0,0,0,1
O29b-0812,O29b,dry,control,Lower Sabie,70,2,unknown,no,no,0,70.2226,0,0,0,0,0,0
